"Total expenditures in millions by prescribed drug, United States, 2002-2016",,,,,,,,,,,,,,,
Prescribed drug,2002,2003,2004,2005,2006,2007,2008,2009,2010,2011,2012,2013,2014,2015,2016
 Acetaminophen,22,32,41,61,26,25,28,28,24,33,33,26,30,18,30
 Acetaminophen-Butalbital, --, --, --, --, --, --, --, --, --, --, --, --, --, --, --
 Acetaminophen-Codeine,164,126,116,133,127,102,81,98,87,93,82,70,74,86,87
 Acetaminophen-Hydrocodone,561,398,866,"1,110","1,204",897,931,"1,089","1,115","1,140","1,272","1,311","1,918","1,566","1,456"
 Acetaminophen-Oxycodone,191,187,414,530,428,446,928,647,967,"1,286","1,876","1,939","2,091","1,149",870
 Acetaminophen-Propoxyphene,228,160,253,413,312,243,167,126,109, --, --, --, --, --, --
 Acetaminophen-Tramadol,100,193,209,99,173, 172*, --, --, --,123, --, --, --, --, --
 Acetaminophen/Butalbital/Caffeine, --, --, --, --, --, --, --, --, --,54, 56*,60,95, 192*,107
 Acyclovir,80, 121*, 135*,127,131,94,72,68,55,84,89,92,123,166,89
 Adapalene Topical, --,92, --, --, --, --, --, --, --, --, --, --, --, --, --
 Albuterol,965,924,884,"1,265","1,535","1,162","1,273","1,801","1,600","1,962","1,998","2,328","2,834","2,757","2,882"
 Albuterol-Ipratropium,224,388,521,736,654,811,835,987,665,"1,003",886,"1,221","1,111","1,247",725
 Alendronate,696,871,"1,079","1,971","1,901","2,198","1,397",822,586,400,364,247, 520*,327,488
 Allopurinol,170,182,187,232,272,93,91,111,76,99,173,176,200, 562*,313
 Alprazolam,540,636,798,949,816,596,632,457,358,512,470,439,460,404,442
 Amiodarone,236, --, --,315, --, --, --, --, --, --,134, --, --,80, --
 Amitriptyline,214,159,172,230,358,119,88,129,83,110,82,87,151,187,173
 Amlodipine,"1,854","1,900","2,352","2,594","2,480","2,024","1,203","1,223","1,324","1,129","1,209","1,527","1,440","1,797","2,491"
 Amlodipine-Atorvastatin, --, --, --, --, --,628, --, --, --, --, --, --, --, --, --
 Amlodipine-Benazepril,615,846,"1,158","1,170","1,199","1,728","1,540","1,403","1,182",604,407,759,467,489,353
 Amoxicillin,322,338,280,350,387,254,268,303,295,238,231,252,290,267,283
 Amoxicillin-Clavulanate,597,281,437,527,524,271,314,315,297,236,234,223,880,423,305
 Amphetamine-Dextroamphetamine,429,419,696,769,980,"1,181","1,083","1,353","1,830","1,827","1,913","1,780","2,365","2,455","1,912"
 Ampicillin, 11*,12, --, 8*, --, --, --, --, --, --, --, --, --, --, --
 Antazoline-Naphazoline Ophthalmic, --, --, --, --, --, --, --, --, --, --, --, --, --, --, --
 Antipyrine-Benzocaine Otic, --, --,8, --, --, --, --, --, --, --, --, --, --, --, --
 APAP/Butalbital/Caffeine,42, --,67,83,53,45, --,32, --, --, --, --, --, --, --
 APAP/Dichloralphenazone/Isometheptene,22, --,23, --, --, --, --, --, --, --, --, --, --, --, --
 Apixaban, --, --, --, --, --, --, --, --, --, --, --, --, --,"1,513","2,965"
 Aripiprazole, --, --, --, --, --, --,"2,429","3,755","3,229","4,284","4,853","5,756","6,413","5,232","2,935"
 ASA/Butalbital/Caffeine, --, --, --, --, --, --, --, --, --, --, --, --, --, --, --
 ASA/Caffeine/Orphenadrine, --, --, --, --, --, --, --, --, --, --, --, --, --, --, --
 Aspirin,23,46,38,89, 78*,46, 97*,81,70,89,81,78,82,56,76
 Aspirin-Carisoprodol,85,64, --, --, --, --, --, --, --, --, --, --, --, --, --
 Aspirin/Carisoprodol/Codeine, --, --, --, --, --, --, --, --, --, --, --, --, --,26, --
 Atenolol,"1,520","1,306","1,618","2,199","1,964",681,539,446,422,454,400,410,342,393,405
 Atenolol-Chlorthalidone, --, --, --, --, --,69,136,89,47,45,74,40,40, --, --
 Atomoxetine, --,243,507,586,356, --,605, --, --, --, --, --, --, --, --
 Atorvastatin,"5,415","6,510","8,275","9,342","8,842","9,910","9,633","8,645","9,685","9,088","6,734","4,645","5,360","6,348","7,107"
 Atropine-Diphenoxylate, --, --, --,29, --, --, --, --, --, --, --, --, --, --, --
 Atropine/Hyoscyamine/PB/Scopolamine, --, --, --, --, --, --, --, --, --, --, --, --, --, --, --
 Azelastine Nasal, --, --, --,136,178,210,198,189, --, --, --, --, --, --, --
 Azithromycin,487,982,739,"1,503","1,393",896,841,875,708,672,683,613,746,299,541
 Bacitracin Topical, --, --, --, --, --, --, --, --, --, --, --, --, --, --, --
 Bacitracin-Polymyxin B Topical, --,7,6,15,17,11,17,8,15,20,6, --, --, --, --
 Bacitracin/HC/Neomycin/Polymyxin B Topical, --, --, --, --, --, --, --, --, --, --, --, --, --, --, --
 Bacitracin/Neomycin/Polymyxin B Topical,91, 18*, --, --, --, --, --, --, --, --, --, --, --,23,24
 Baclofen, --, --, --, --,227,108, --,49,42,57,146,86, 310*, 392*,223
 Beclomethasone, --, --, --, --,63, --,199, 714*,316,403,669,779,651,516,746
 Beclomethasone Nasal, --, --, --, --, --, --, --, --, --, --, --, --, --, --, --
 Benazepril,308,429,248,329,277,110,121,81,91,86,115,83,114,93,107
 Benzonatate,36,39,39,61,48,24,49,122,40,91,108,89,56,91,61
 Benzoyl Peroxide Topical,35, --, --, --, --, --, --, --, --, --, --, --, --, --, --
 Benzoyl Peroxide-Clindamycin Topical, --, --, --,122,255, --, --, --, --, --, --, --, --, --, --
 Benztropine, --, --, --, --, --, --, --, --, --, --, --, --, --, --, --
 Betamethasone Topical, --,65, --, --, --, --, --, --, --, --, --, --, --,67, --
 Betamethasone-Clotrimazole Topical,37, --, --, --, --, --, --, --, --, --, --,55, --,59, --
 Bimatoprost Ophthalmic, --, --, --, --, --,332, --,387, --, --, --, --, --, --, --
 Bisoprolol-Hydrochlorothiazide, --, --, --,486,354,226,128,131, --,82,95, --, --, --, --
 Brimonidine Ophthalmic,205,174,188,213,331,342, --,247,254,214, 234*, --,270, --,535
 Brompheniramine-Phenylpropanolamine, --, --, --, --, --, --, --, --, --, --, --, --, --, --, --
 Brompheniramine/Dextromethorphan/PPA, --, --, --, --, --, --, --, --, --, --, --, --, --, --, --
 Brompheniramine/Dextromethorphan/PSE,12,20,16,18,22,9,4, 6*, --, --,16,19,26,22,23
 Budesonide, --,371,292,494,561,876,869,"1,394","1,479","1,771","1,024"," 1,996*","1,844"," 2,312*",976
 Budesonide Nasal,150,155, --,355,202,230, --, --, --, --, --, --, --, --, --
 Budesonide-Formoterol, --, --, --, --, --, --, --,735,"1,208","1,113","1,377","2,780","3,239","2,787","3,195"
 Bupropion,568,869,"1,276","1,904","2,336","2,900","1,768","1,604","1,889","1,654","2,279","2,391","1,394","1,240","1,443"
 Buspirone,441, --,225,269,171,113, 137*,95, --,76, 136*, 203*,333,245,226
 Calcitonin,119, --, --, --, --, --, --, --, --, --, --, --, --, --, --
 Calcium Carbonate,9, --, --, 46*,18,12, --,17,10, --, 17*, --, --, --, --
 Calcium-Vitamin D, --, --,17, --,18, 23*,21,20,24,16,12,28,15, --, --
 Camphor-Menthol Topical, --, --, --, --, --, --, --, --, --, --, --, --, --,7, --
 Canagliflozin, --, --, --, --, --, --, --, --, --, --, --, --, --,"2,102","1,661"
 Captopril,283,254,259,209,165, --, --, --, --, --, --, --, --, --, --
 Carbamazepine,268,240,258,402,292,227, --,322,237,239,215, --, --, --, --
 Carbamide Peroxide Otic,3,2, --, 10*,3, --,4,2, --,5, --, --, --, --, --
 Carbinoxamine-Pseudoephedrine,10, --, --, --, --, --, --, --, --, --, --, --, --, --, --
 Carbinoxamine/Dextromethorphan/PSE, --, --, --,13, --, --, --, --, --, --, --, --, --, --, --
 Carisoprodol,126,100,347,354,286,129,147,131,265,130,70,79,83,84, --
 Carvedilol,398,505,832,"1,227","1,281","1,737","1,448",852,626,699,756,887,680,"1,507","1,147"
 Cefaclor,47, --, --, --, --, --, --, --, --, --, --, --, --, --, --
 Cefadroxil, --, --, --, --, --, --, --, --, --, --, --, --, --, --, --
 Cefdinir,48,100,143,272,316,236,148,212,169,147,96,140,131,99,95
 Cefixime, --, --, --, --, --, --, --, --, --, --, --, --, --, --, --
 Cefpodoxime, --, --, --, --, --, --, --, --, --, --, --, --, --, --, --
 Cefprozil,116,73,96,118, --, --, --, --, --, --, --, --, --, --, --
 Ceftibuten, --, --, --, --, --, --, --, --, --, --, --, --, --, --, --
 Cefuroxime,121,76, --,67,55,74, --,29, --, --, --, 69*, --, --,54
 Celecoxib,"2,263","2,519","2,191","1,690","1,438","1,255","2,013","2,040","1,865","1,992","1,796","2,033","2,152","1,254","1,231"
 Cephalexin,293,190,272,308,325,158,149,120,113,101,101,98,98,89,178
 Cerivastatin, --, --, --, --, --, --, --, --, --, --, --, --, --, --, --
 Cetirizine,"1,257","1,031",777,"1,444","1,463","1,575",382,117,245,77,111,141,170, 522*,136
 Cetirizine-Pseudoephedrine, --, --,76,106,124, --, --, --, --, --, --, --, --, --, --
 Chlorhexidine Topical,13, --, --,20,13, --,30,13,18,10,12,9,13,11,19
 Chlorpheniramine, --, --, --, --, --, --, --, --, --, --, --, --, --, --, --
 Chlorpheniramine-Hydrocodone,34,44, --, --, --, --, --,89, --, --, --, --, --, --, --
 Chlorpheniramine-Pseudoephedrine,17, 33*, --,18, --, --, --, --, --, --, --, --, --, --, --
 Chlorpheniramine/Dextromethorp/Phenylephrine, --, --, --, --, --,15,17,28, 24*, 10*, --, --, --, --, --
 Chlorpheniramine/Hydrocodone/Phenylephrine,14, --,11,9, --, --, --, --, --, --, --, --, --, --, --
 Chlorpheniramine/Methscopolamine/PE, --, --, --, --, --, --, --, --, --, --, --, --, --, --, --
 Chlorpheniramine/Phenylephrine/Pyrilamine, --, --, --, --, --, --, --, --, --, --, --, --, --, --, --
 Chlorthalidone, --, --, --, --, --, --, --, --, --, --, --,69,103,145,160
 Cholecalciferol, --, --, --, --, --, --, --, --,20,30, --,43,25,30,19
 Ciclopirox Topical,104, --, --, --, --, --, --, --, --, --, --, --, --, --, --
 Cimetidine,226, --, --, --, --, --, --, --, --, --, --, --, --, --, --
 Ciprofloxacin,444,438,356,510,433,324,274,92,180,177, 114*,238,205,259,148
 Ciprofloxacin Ophthalmic,45, --, --, --, --, --, --, --, --, --, --, --, --, --,27
 Ciprofloxacin-Dexamethasone Otic, --, --, --,70, --, --, --,97, --, --, --, --, --, --, --
 Cisapride, --, --, --, --, --, --, --, --, --, --, --, --, --, --, --
 Citalopram,"1,042",868,559,852,816,429,683,366,293,447,597,581,813,505,434
 Clarithromycin,126,182,165,247,168,81,78,53,40,69,87,77, --, --, --
 Clindamycin, --, --,80,125,144,67,70,106,60,80, 79*,152,96,123,85
 Clindamycin Topical, --, --, --, --, --, --,59,98, --, --, 61*,103,183,101,87
 Clobetasol Topical,104,68,104,102,130,155, 245*, 169*,152,205, 434*, 440*,412,773,805
 Clonazepam,289,321,438,505,517,315,403,307,254,268,270,695,665,319,301
 Clonidine,191,225,258,407,276,274,189,267,170,228,240,290,197,382,269
 Clopidogrel,"1,501","1,609","1,719","3,497","3,390","4,305","4,897","5,537","6,749","8,331","5,109","3,317","1,374","1,492","1,511"
 Clorazepate, --, --, --, --, --, --, --, --, --, --, --, --, --, --, --
 Clotrimazole Topical,11,23, --,16,11, --, --, --, --, --,16,12,21,16, 18*
 Codeine-Guaifenesin,17,14,9,28,20,12,34,25,17,15,18,32,33,38,30
 Codeine-Promethazine,12,16,10,22, 18*,16, 15*,15,11,12, --,14,13,9, --
 Colchicine,31, --, --, --,51, --,27,55,88,197,472,625,594, --, --
 Conjugated Estrogens,"1,793","1,061",901,"1,006",738,766,759,823,730,628,484,549,681, --,722
 Conjugated Estrogens-Medroxyprogesterone,408, --, --,179,437, --, --, --, --, --, --, --, --, --, --
 Cromolyn,103, --, --, --, --, --, --, --, --, --, --, --, --, --, --
 Cyanocobalamin, --, --, --, --, --, --, --,23, --,60,32, 119*, --,115,136
 Cyclobenzaprine,231,205,224,544,555,417,372,407,483,329,255,318,557,465,350
 Cyclosporine Ophthalmic, --, --, --, --, --, --, --,517, --, --, --, --,"1,101","1,726","1,844"
 Desloratadine,275,482,763,407,264,313, --, --, --, --, --, --, --, --, --
 Desogestrel-Ethinyl Estradiol,268, --,276,422,322,381,259,250,241,318,248,200,238, --,216
 Desonide Topical,39, --, --, --, --, --, --, --, --, --, --,124,236, --, --
 Dexamethasone, --, --, --, --,35, --, --, --, --, --, --, --, --, --, 47*
 Dexamethasone-Tobramycin Ophthalmic,54,63, --, --,54, --, --, --, --, --, --, --, --, --, --
 Dexfenfluramine, --, --, --, --, --, --, --, --, --, --, --, --, --, --, --
 Dexlansoprazole, --, --, --, --, --, --, --, --, --,646,709,681, --,"1,131",957
 Dexmethylphenidate, --, --, --, --, --, --, --, --, --, --,546, --, --, --, --
 Dextromethorphan-Guaifenesin,15,13, --,12,20, --, --, --, --, --, --, 4*, --, --, --
 Dextromethorphan-Promethazine,4, --, --,4,4, --, --,4, --, --,4,6,8,8,9
 Dextromethorphan/Guaifenesin/PPA, --, --, --, --, --, --, --, --, --, --, --, --, --, --, --
 Dextromethorphan/Guaifenesin/Pseudoephedrine,34,14,11, 29*, --, --, --, --, --, --, --, --, --, --, --
 Diazepam,128,48,194,195,204,232, 581*, 208*,165,229,266,97,122,162,123
 Diclofenac,143,178,224,272,334,250,198,177,160,140,179,207, 263*,356,246
 Diclofenac Ophthalmic, --, --, --, --, --, --, --, --, --, --, --, --, --, --, --
 Diclofenac Topical, --, --, --, --, --, --, --, --, --,236,465,388,272,367, 927*
 Diclofenac-Misoprostol,244, --, --, --, --, --, --, --, --, --, --, --, --, --, --
 Dicyclomine, 20*, --, --,32,64,45,27,33,42,37,25,30,43, 59*, 92*
 Digoxin,226,186,198,191,189,132,137,121,129,101,77,88,302,239,206
 Dihydroergotamine,120,304, --, --, --, --, --, --, --, --, --, --, --, --, --
 Diltiazem,872,871,825,957,"1,146",822,"1,131","1,046","1,366",864,647,613,595,600,708
 Diphenhydramine,9,19,9,51,33, 34*, 30*, --,21,15,20,10,16,11, 14*
 Dipyridamole, --, --, --, --, --, --, --, --, --, --, --, --, --, --, --
 Divalproex Sodium,663,556,501,501,679,"1,340","1,212","1,084",564,427,394,713,"1,477",817,606
 Docusate,11, 28*,32,48,50,33, 59*,44,40,35,26, 47*, 105*,48,34
 Donepezil, --, --,537,794,893,"1,159","1,472","1,594","2,332",953,482,531,577,238,989
 Dorzolamide Ophthalmic, --, --, --, --, --, --, --, --, --, --, --, --, --, --, --
 Dorzolamide-Timolol Ophthalmic, --, --, --, --,293,410, --, --, --, --, --, --, --,121, 223*
 Doxazosin,383,197,196,366,323,117,153,82,45,86,80,114,171,163,121
 Doxepin, --, --, --, --, --, --, --, --, --, --, --, --, --, --, --
 Doxycycline,136,216,142,295,264,280,253,364, 730*,499,631,813,976,673,541
 Doxylamine-Pyridoxine, --, --, --, --, --, --, --, --, --, --, --, --, --,265, --
 Drospirenone-Ethinyl Estradiol, --, --, --,428,481,666,539,970,613,640,482,487, --,655,593
 Duloxetine, --, --, --,513,856,"1,889","2,361","2,956","3,872","2,672","4,544","5,521","3,381","2,337","2,945"
 Dutasteride, --, --, --, --, --, --, --,734, --, --, --, --, --, --, --
 Dyphylline-Guaifenesin, --, --, --, --, --, --, --, --, --, --, --, --, --, --, --
" Emollients, Topical",70, --, --, --, 49*, --,29,51, --, --,49, --, --, --, --
 Enalapril,576,553,587,931,878,268,276,170,167,174,111,194,246,324,333
 Epinephrine, --, --, --, --, --, --, --, --, --, --, --,246,568,648,"1,207"
 Ergocalciferol, --, --, --, --, --, --,46,105,87,103,128,169,123,158,146
 Erythromycin,45,24,39,29,42,63,34, 25*, --,58,89,213,254, --, --
 Erythromycin Topical, --, --, --, --, --, --, --, --, --, --, --, --, --, --, --
 Erythromycin-Sulfisoxazole, --, --, --, --, --, --, --, --, --, --, --, --, --, --, --
 Escitalopram, --,704,"1,463","1,976","1,977","2,422","2,422","2,703","3,048","2,985","2,252",926,"1,291","1,412","2,382"
 Esomeprazole,"1,083","2,049","3,264","4,412","3,006","6,050","7,586","6,257","6,731","6,250","5,338","6,016","6,448","5,326","3,982"
 Esterified Estrogens, --, --, --, --, --, --, --, --, --, --, --, --, --, --, --
 Esterified Estrogens-Methyltestosterone,199, --, --, --, --, --, --, --, --, --, --, --, --, --, --
 Estradiol,428,289,329,377,333,274,397,363, --,313, 721*,653,417,"3,582",681
 Estradiol Topical, --, --, --, --, --, --, --, --, --, --, --, --,617,808,731
 Estropipate, --, --, --, --, --, --, --, --, --, --, --, --, --, --, --
 Eszopiclone, --, --, --, --,336,724, --, --, --, --, --, --, --, --, --
 Ethinyl Estradiol-Etonogestrel, --, --, --, --, --,297,245,263,324,315, --, --, --,647, --
 Ethinyl Estradiol-Levonorgestrel,219,241,360,585,563,377,346,386,407,477,366,303,251,463,317
 Ethinyl Estradiol-Norelgestromin, --,87,156,430,236, --, --, --, --, --, --, --, --, --, --
 Ethinyl Estradiol-Norethindrone,430,321,443,449,765,863,473,469,606,687,863,791,835,935,774
 Ethinyl Estradiol-Norgestimate,595,416,802,"1,355","1,220","1,329",810,472,560,450,590,569,969,662,462
 Ethinyl Estradiol-Norgestrel, --, --, --, --, --, --, --, --, --, --, --, --, --, --, --
 Etodolac,113, --, --,107,185,108,65,82, --, --,30, --, --, --, --
 Exenatide, --, --, --, --, --,997, --, --, --, --, --, --, --, --, --
 Ezetimibe, --, --,375,"1,180","1,568","1,685","1,890","1,808","1,466","1,682","1,820","2,183","2,838","2,692","2,420"
 Ezetimibe-Simvastatin, --, --, --,919,"1,715","2,672","2,566","2,032","1,710","1,348","1,336","1,325", --, --, --
 Famotidine,295,225,202,316,184,332,349,128,214,144,141,267,236,140,141
 Felodipine,346,178, --,333,269,444,245, --, --, --, --, --, --, --, --
 Fenfluramine, --, --, --, --, --, --, --, --, --, --, --, --, --, --, --
 Fenofibrate,261,671,653,882,"1,147","1,625","2,055","2,268","2,200","1,907","2,039","1,934","1,589","1,110",926
 Ferrous Sulfate,18,11,16,30,29,24, 62*,32,56,45,50,70,36,43,54
 Fexofenadine,"1,330","1,364",682,"1,527","1,243",748,703,811,924,397,389, --, --, --, --
 Fexofenadine-Pseudoephedrine,294,311,267,361,285,279,269,295, --, --, --, --, --, --, --
 Finasteride, --, --, --, --, --,381,489,516,511,351,419,372,267,396,512
 Fluconazole,104,135, --,146, 106*, 83*, 92*, 50*,38,24,66,76, 101*, 112*,120
 Flunisolide, --, --, --, --, --, --, --, --, --, --, --, --, --, --, --
 Flunisolide Nasal, --, --, --,70, --, --, --, --, --, --, --, --, --, --, --
 Fluocinonide Topical,36, --,32, --, --,38,44, 35*, 47*,31, 86*, 89*, --,123, --
 Fluoride, --, --,10, 23*, 18*,12, --, --, --, --, --, --, --, --, --
 Fluoride Topical, --, --, --, --, --, --, --, --, --, --, --, --, --, --,19
 Fluoxetine,"1,253","1,054","1,314","1,866","2,026","1,132","1,869",983,"1,688","1,245","1,282","1,336",818,"1,176",765
 Fluticasone,731,471,485,589,652,560,"1,063",765,762,879,758,886,"1,247","1,206","1,322"
 Fluticasone Nasal,766,906,983,"1,087",957,688,581,632,728,673,641,727,744,567,644
 Fluticasone-Salmeterol,774,"1,076","2,009","3,577","3,631","4,757","5,266","5,764","6,244","6,042","6,306","6,867","5,577","6,682","5,784"
 Fluvastatin,344,390,298,327,401, --, --, --, --, --, --, --, --, --, --
 Folic Acid,47,100,77,75,102,72,62,82,73,82,59,68,89,77,69
 Formoterol-Mometasone, --, --, --, --, --, --, --, --, --, --, --, --,725,787,"1,086"
 Fosinopril,252,352,194,265,200,136, --, --, --, --, --, --, --, --, --
 Furosemide,345,323,444,498,458,270,278,285,331,300,244,283,279,266,248
 Gabapentin,"1,022","1,534","1,862","1,726","1,219",989,950,"1,513","1,454","1,092","2,131","2,658","2,939","4,111","4,163"
 Gatifloxacin,66,74, --, --, --, --, --, --, --, --, --, --, --, --, --
 Gatifloxacin Ophthalmic, --, --, 80*,58,57,53, --, --, --, --, --, --, --, --, --
 Gemfibrozil,435,351,295,376,495,158,172,169,200,240,220,180,130,86,141
 Gentamicin Topical, --, --, --, --, --, --, --, --, --, --, --, --, --, --, --
 Glimepiride,292,185,312,307,360,234,242,147,139,140,124,148,178,534,477
 Glipizide,379,449,459,560,703, 477*,330,318,325,287,298,424,343,274,293
 Glyburide,761,437,491,767,730,274,272,277,181,266,193,301,138,123,84
 Glyburide-Metformin,300,356,506,482,413,199,213,180,145,94, 144*, 153*, --, --, --
 Guaifenesin,50,48,24,66,53,45,32,29, 30*,18,10, 20*, 25*, 17*,13
 Guaifenesin-Phenylephrine,15, --, --,32, --, 59*, --, --, --, --, --, --, --, --, --
 Guaifenesin-Phenylpropanolamine, --, --, --, --, --, --, --, --, --, --, --, --, --, --, --
 Guaifenesin-Pseudoephedrine,66,65,69,74,62, 36*, --, --, --, --, --, --, --, --, --
 Guaifenesin/Phenylephrine/PPA, --, --, --, --, --, --, --, --, --, --, --, --, --, --, --
 Homatropine-Hydrocodone,140,195,149,62,66,68,56,53, --,122,77,102, --, --, --
 Hydralazine, --, --, --, --, --, --, --,59, --,106,128,141,146,145, 146*
 Hydrochlorothiazide,259,249,315,438,482,359,393,359,392,375,369,465,462,376,343
 Hydrochlorothiazide-Irbesartan, --, --,265,289,355,611,590,390, --, --, --, --, --, --, --
 Hydrochlorothiazide-Lisinopril,317,157,327,519,772,344,372,310,260,260,296,375,309,414,354
 Hydrochlorothiazide-Losartan,227, --, --,446,487,513,966,716,586,391,414,468,443,474,309
 Hydrochlorothiazide-Olmesartan, --, --, --,194,277,455,789,808,706,442,527,677, --, --, --
 Hydrochlorothiazide-Propranolol,54, --,"1,204", --, --, --, --,80,240, --, --,551,306, --, --
 Hydrochlorothiazide-Triamterene,280,232,364,463,436,253,184,183,120,108,130,147,158,160,189
 Hydrochlorothiazide-Valsartan,156, --,430,622,693,981,"1,247","1,725","1,371","1,231","1,494",650,782,381,396
 Hydrocodone, --, --, --, --, --, --, --, --,229, --, --, --, --,"3,407","1,650"
 Hydrocortisone Topical,44,55,66,89,70,61,67,67,86,64,46,90,123,182,115
 Hydrocortisone/Neomycin/Polymyxin B Ophth, --, --, --, --, --, --, --, --, --, --, --, --, --, --, --
 Hydrocortisone/Neomycin/Polymyxin B Otic, --, --,17,30,30,16,15,11, --, --, --, --, --,19,63
 Hydrocortisone/Neomycin/Polymyxin B Topical, --, --, --, --, --, --, --, --, --, --, --, --, --, --, --
 Hydroxychloroquine, --, --, --, --, --, --,120,88, 150*,130,146,178,295,771,968
 Hydroxyzine,94,122,135,174,126,89,113,103,116,114,138,142,159,182,162
 Hyoscyamine,36, 64*,63,83,51,45, --, --, --, --, --, --, --, --, --
 Ibandronate, --, --, --, --, --,434,511,614,736, --, --, --, --, --, --
 Ibuprofen,243,180,208,488,412,179,198,181,166,168,194,266,305,268,285
 Imipramine, --, --, --, --, --, --, --, --, --, --, --, --, --, --, --
 Indapamide,89, --, --, --, --, --, --, --, --, --, --, --, --, --, --
 Indomethacin,91,72,69,103,77,53,46,98, 68*, 39*, 58*,40, 37*, --, --
 Insulin Aspart, --, --, --, --, --, --,825,"1,128","1,574","1,523","2,586","3,291","6,295","4,785","5,964"
 Insulin Detemir, --, --, --, --, --, --, --, --, --, --,"1,082","1,203","2,149","4,111","3,792"
 Insulin Glargine,337, --,542,"1,180","1,096","1,526","3,027","2,163","3,275","4,683","5,097","6,100","8,568","11,070","13,663"
 Insulin Isophane,284, --,269,"1,150",656,"1,013","2,862","2,048","2,480","2,082","3,995", --, --, --, --
 Insulin Isophane (Nph), --, --, --, --, --, --, --, --, --, --, --,"3,731","3,971","4,391","1,007"
 Insulin Isophane (Nph)-Insulin Regular, --, --, --, --, --, --, --, --, --, --, --,563, --, --, --
 Insulin Isophane-Insulin Regular,245,264,218,306,390,411,293,558, --,487,373, --, 650*,820,"1,687"
 Insulin Lispro, --, --, --, --, --, --, --,776,"1,406","2,024","2,240","1,466","2,642","3,577","5,869"
 Insulin Regular, --, --, --, --, --, --, --, --, --, --, --, --, --, --, --
 Ipratropium,229,493,277,294,243,166, --, --, --, --, --, --, --, --, --
 Irbesartan, --, --,319,592,596,529,596,711,555,579,463, --, --,230, --
 Isosorbide Dinitrate, --, --, --, --, --, --, --, 108*,83, --, --, --, --, --, --
 Isosorbide Mononitrate,209,151,337,424,326,179,250,309,145,149,99,162,156,115,172
 Ketoconazole Topical,37, --, --, --,39, --,36, --,41,22, --,28, 66*,73, 188*
 Ketoprofen, --, --, --, --, --, --, --, --, --, --, --, --, --, --, --
 Labetalol, --, --, --, --, --, --, --, --, --, --,89,160, --, --, --
 Lamotrigine, --, --, --, --,950,"1,491","2,858","1,584",690,685," 1,246*"," 1,113*","1,314","1,273","2,065"
 Lansoprazole,"2,633","2,983","3,031","3,517","3,122","3,654","3,478","3,601","1,559","1,079",894,857,688,509,586
 Latanoprost Ophthalmic,422,347,362,380,464,433,573,878,798,331,288,181,253,261,273
 Levalbuterol, --, --, --,267,294,495,337,429,393,681,700,232, --, --, --
 Levetiracetam, --, --, --, --, --, --, --, --,609,277,549,667,733,577,955
 Levocetirizine, --, --, --, --, --, --, --, --, --, --, --, --, --,61,79
 Levofloxacin,348,340,167,500,471,561,605,751,516,429,194, 455*,260,370,122
 Levonorgestrel,105,134, --, --, --, --, --, --, --, --, --, --, --, --, --
 Levothyroxine,"1,324","1,446","1,614","1,846","1,912","1,521","1,542","1,418","1,678","1,487","1,514","1,704","2,149","2,907","3,089"
 Lidocaine Topical, --, --, --,273,309,524,614,494,583, 883*, 629*,686,635,772,800
 Liraglutide, --, --, --, --, --, --, --, --, --, --, --, --, --,"2,371","3,074"
 Lisdexamfetamine, --, --, --, --, --, --, --,718,725,"1,233","1,334","1,510","1,830","1,770","1,835"
 Lisinopril,"1,670","1,661","2,054","2,899","3,011","1,271","1,313","1,248","1,217","1,100","1,143","1,455","1,584","1,513","1,707"
 Lithium,96, --, --, --, --, --, --, --, --, --, --, --, --, --, --
 Loracarbef, --, --, --, --, --, --, --, --, --, --, --, --, --, --, --
 Loratadine,"1,507",577, 144*,133,127,75,96,96,89,72,80,116,133,131,103
 Loratadine-Pseudoephedrine,411, --, --, --,117, --, --,46, --, --, --, --, --, --, --
 Lorazepam,331,270,293,453,445,178,231,232,200,204,288,258,400,241,299
 Losartan,418,391,261,824,969,"1,136","1,158","1,202","1,193",682,865,"1,154","1,567","1,640","1,750"
 Lovastatin,251,393,570,"1,273","1,403","1,099",807,613,382,380,319,291,356,264,237
 Magnesium Oxide, --, --, --, --, --, --, --, --, --, --, --, --, --,29, --
 Meclizine,34,26,41,57,60,50,43,53,73,69,67,53,60,73,83
 Medroxyprogesterone,158,96,42,87,81,47,38,51,41,41,59,52, 64*,95,44
 Meloxicam,124,233,412,"1,002","1,160",638,463,277,200,168,265,370,423,679,858
 Memantine, --, --, --, --, --, --, --,819, --,764, --, --, --,"1,143","1,292"
 Mesalamine, --, --, --, --, --, --, --,"1,987","2,638","3,305", --, --, --, --, --
 Metaxalone,186,133,125,208,280,320,372,387, --, --, --, --, --, --, --
 Metformin,"2,098","1,912","1,777","2,372","3,378","1,872","2,112","1,023","1,150","1,359","1,780","2,237","2,133","3,637","3,442"
 Metformin-Rosiglitazone, --, --,375,281, --, --, --, --, --, --, --, --, --, --, --
 Metformin-Sitagliptin, --, --, --, --, --, --, --, --, --, --, --,935,"1,509","2,807","1,746"
 Methocarbamol,50,32,46, 123*,75,49,49,40,65,44,74,73,134,75,56
 Methotrexate,209, --, --,361,411,155,150,247, --, --, --, --, --, --,"2,325"
 Methyl Salicylate Topical, --,34, --, --, --, --, --, --, --, --, --, --, --, --, --
 Methylphenidate,653,837,857,"1,043","1,272","1,264","1,579","1,758","1,700","2,190","2,002","1,977","2,385","2,482","2,772"
 Methylprednisolone,42,33,37,64,39,36,34,47,37,56,91,80,86,112,77
 Metoclopramide,78,57, 99*, 156*,101,74,81,71,50,30,30,23, --, 28*, 26*
 Metoprolol,"1,351","1,579","2,095","2,752","2,962","2,155","2,145","1,872","1,857","1,913","1,932","1,793","1,717","1,632","1,826"
 Metronidazole,27,30,42,37,32,25,37, 25*,46,23,29,35,27,36,128
 Metronidazole Topical,141,122,119,94,133,136, --,121, --,124,192, --, --, --, --
 Minocycline,163, --,196,245,174, --,175,621, --, 398*, 199*, 321*, 486*, --, 484*
 Mirtazapine,259,244,258,384,246,114,116,115,117,84,98,123,206,174,171
 Mometasone, --, --, --, --, --, --, --, --, --, 353*, --, --, --, --, --
 Mometasone Nasal,360,412,416,526,687,763,922,724,828,968,"1,167",920,803,712,503
 Mometasone Topical, --, --, --, --, --, --, --, --, --, --, --, --, --, --, --
 Montelukast,602,812,"1,031","2,490","2,912","3,076","3,307","3,286","4,447","5,124","4,173","1,763","1,837","1,818","2,336"
 Morphine, --, --, --, 212*,399,530,524,630,599,753,590,500,639, 611*, 440*
 Moxifloxacin, --, --,119,107,119,152,151,164, --, --, --, --, --, --, --
 Moxifloxacin Ophthalmic, --, --, --,57,105,87,77,104,108,109,93,91,195, --, --
 Multivitamin,52,62,96,136,206,120,124,101,131,245,138, 161*,83,87,67
 Multivitamin With Fluoride, --, --, --, --, 16*, --, --, --, --, --, --, --, --, --, --
 Multivitamin With Iron,31, --, --, --, --, --, --, --, --, --, --, --, --,77, --
 Multivitamin With Minerals,16,29,30,59,60,44,36,42, --, --, --, 93*, --, --,75
" Multivitamin, Prenatal",78,83,123,226,249,135,166,140,219,263,231,126,111,75,62
 Mupirocin Topical,84,61,54,99,87,45,45,61,46,63,92,85,85,109,135
 Nabumetone,213,169,202,246,246,257,172,138,161,44,66,103, 149*,60, --
 Naphazoline Ophthalmic,12,17, --,17, --, --, --, --, --, --, --,8,6, --, --
 Naphazoline-Pheniramine Ophthalmic,33, --, --, --,26,29, --,12, --, --, --, --,14, --, --
 Naproxen,451,469,476,550,613,285,359,217,198,188,195,151,217,219,269
 Nebivolol, --, --, --, --, --, --, --, --, --,728,623,439,643,723,"1,007"
 Nefazodone, --, --, --, --, --, --, --, --, --, --, --, --, --, --, --
 Niacin,141, --,364,176,442,724,"1,351","1,117","1,386","1,376","1,007",861, --, --, --
 Nifedipine,743,526,590,629,634,612,557,568,581,416,270,311,385,327, 239*
 Nitrofurantoin,66,115,112,281,113, 158*,69,118, 233*,158,138,158, 151*,167,238
 Nitroglycerin,196,284,222,288,179,148, 164*,109,181,146,213,218,130,144,131
 Nizatidine, --, --, --, --, --, --, --, --, --, --, --, --, --, --, --
 Nortriptyline,85, --, --, --, --, --,101,49, --, --,39,57,66,49,65
 Nystatin, --, --,25, --, --, --, --, --, --, --, --, --,31, --, --
 Nystatin Topical, --, --, --, --,12, --, --, --, --, --, 35*, 67*,73, --,45
 Ocular Lubricant, --, --, --,19, 37*,24, --,31,16,31, --,37, --,26,22
 Ofloxacin, --, --, --, --, --, --, --, --, --, --, --, --, --, --, --
 Ofloxacin Ophthalmic,55, --, --, --, --, --, --, --, --, --, --, --, --, --, --
 Olanzapine,819,957,965,"1,634","1,365", --, --, --, --, --, --, --, --, --, --
 Olmesartan, --, --,258,362,449,597,565,760,891,766,769,818,974,"1,244","1,387"
 Olopatadine Ophthalmic,100, 134*,156,112,147,150,136,220,303,242, --,215,269,489,294
 Omega-3 Polyunsaturated Fatty Acids, --, --, --, --, --, --,519,707,730,"1,089",829,680,931,676,457
 Omeprazole,"2,103","1,797","1,604","1,328","2,267","2,225","2,567","2,318","3,638","3,034","2,944","3,099","3,185","3,298","4,734"
 Ondansetron, --, --, --, --, --, --,344, 192*, 433*,395,212, 464*,532,402,797
 Oseltamivir, --, --, --,61, --, --,114,293, --,98,185,270,428,340,311
 Oxaprozin, --, --, --, --, --, --, --, --, --, --, --, --, --, --, --
 Oxybutynin,274,293,411,543,407,251,183,180,382,326,391,406,397,510,385
 Oxycodone,568,454,"1,069",812," 1,351*","1,302","1,126","1,861","2,486","2,701","2,050","2,157","1,533","1,640","1,754"
 Pantoprazole,840,"1,348","1,640","2,129","1,973","2,512","2,056","1,906","1,908",689,644,974,"1,102","1,528","1,905"
 Paroxetine,"1,896","1,666","1,440","1,583","1,652",749,833,878,"1,372","1,023",584,528,499,878,"1,389"
 Penicillin,29,60,44,54,59,60,47, --, --, --, --, --, --, --, --
 Penicillin V Potassium, --, --, --, --, --, --, --,38,32,28,27,34,46,54,32
 Pentoxifylline, --, --, --, --, --, --, --, --, --, --, --, --, --, --, --
 Permethrin Topical, --, --, --, --, --, --, --, --, --, --, --, --, --, --, --
 Phenazopyridine, --, --, 15*,18,11,10, 11*, --, --, --, 10*,7,15,55, --
 Pheniramine/PPA/Phenyltoloxamine/Pyrilamine, --, --, --, --, --, --, --, --, --, --, --, --, --, --, --
 Phenobarbital, --, --, --, --, --, --, --, --, --, --, --, --, --, --, --
 Phentermine, --, --, --, --, --, --, --,59, --,55, --,55,106,83,52
 Phenylephrine-Promethazine,27, --,19,15, --, --, --, 19*, --, --, --, --, --, --, --
 Phenytoin,245, --,252,276,230,188,170,246, --, --,191,223,221,342, --
 Pilocarpine Ophthalmic, --, --, --, --, --, --, --, --, --, --, --, --, --, --, --
 Pimecrolimus Topical, --, 168*, 238*,126, --, --, --, --, --, --, --, --, --, --, --
 Pioglitazone,943,"1,752","1,475","1,757","2,137","3,818","3,897","3,792","3,298","3,153","2,336","1,569",892,730,565
 Piroxicam, --, --, --,122, --, --, --, --, --, --, --, --, --, --, --
 Polyethylene Glycol 3350, --,50,66,127,111,83, --, --, --, --, --,61, 67*,56,51
 Polyethylene Glycol 3350 With Electrolytes, --, --, --, --, --, --, --, --,25, --, 39*,29, --,19,28
 Polyethylene Glycol Electrolyte Solution, --, --, --, --, --, --, --, --, --, --, --, --, --, --, --
 Polymyxin B-Trimethoprim Ophthalmic, --, --, --, --, --, --, --, --, --, --, --, --, --,12,12
 Potassium Chloride,410,404,585,559,722,476,431,421,513,666,725,767,869,735,733
 Pramipexole, --, --, --, --, --, --, --,"1,442", --, --, --, --, --, --, --
 Pravastatin,"2,011","1,549","1,952","1,590","1,269","1,079","1,708",753,885,627,770,"1,248","1,456","1,525","1,062"
 Prednisolone,31,30, 55*, 91*,61,37,24,30,26,51,18,22,29, 38*,20
 Prednisolone Ophthalmic,54, --,72,85,52,71,28,33,35,43,34,56,186,159,209
 Prednisone,117,105,132,164,164,131,113,123,137,124,164,221,254,204,231
 Pregabalin, --, --, --, --,458,667,"1,302","1,707","2,424","2,017","2,186","2,641","4,142","4,157","4,039"
 Prochlorperazine, --, --, --, --,24, --, --, --, --, --, --, --, --, --, --
 Progesterone,121, --, --,145, --, --, --, --, --, --, --, --, --, --, --
 Promethazine,59,51,53,87,81,66,50,92,62,75,71,58, 111*,95,74
 Propoxyphene,19, --, --, --, --, --, --, --, --, --, --, --, --, --, --
 Propranolol,293,299,327,470,458,216,223,162,249,209, --, 334*,316,564,827
 Pseudoephedrine, 4*, --, --, --, --, --, --, --, --, --, --, --, --, --, --
 Quetiapine,428,332,708,"1,048","1,535","2,004","2,036","2,324","2,629","2,836","2,902","2,911","2,363","2,428","1,549"
 Quinapril,577,592,375,720,485,273,202,163,150,112,139, --, --, --, --
 Quinine,31, --,75,122,133, --, --, --, --, --, --, --, --, --, --
 Rabeprazole,720,"1,316","1,098","1,105",973,"1,039","1,340","1,168",672, --, --, --, --, --, --
 Raloxifene,263,432,489,919,685,878,"1,060",666, --, --, --, --, --, --, --
 Ramipril,484,494,885,995,854,728,562,281,366,246,184,155, 287*,234, 246*
 Ranitidine,838,893,711,"1,250","1,150",990,561,320,225,221,326,280,517,505,352
 Ribavirin, --, --, --, --, --, --, --, --, --, --, --, --, --, --, --
 Riboflavin, --, --, --, --, --, --, --, --, --, --, --, --, --, --, --
 Risedronate,231,466,464,816,814,"1,225","1,076",891,948, --, --, --, --, --, --
 Risperidone,647,745,677,"1,164","1,311","1,643","2,017","1,044",315,345,620,628,563,724,557
 Rivaroxaban, --, --, --, --, --, --, --, --, --, --, --, --,"1,233","2,252","3,745"
 Rizatriptan, --, --, --, --, --, --, --,570, --, --, --, --, --, --, --
 Rofecoxib,"1,676","1,260","1,072", --, --, --, --, --, --, --, --, --, --, --, --
 Ropinirole, --, --, --, --, --, --,262,151,256,221, 414*,228,236,309,220
 Rosiglitazone,"1,256","1,000","1,328","1,542","2,241","1,681",976,740, --, --, --, --, --, --, --
 Rosuvastatin, --, --,692,934,"1,332","2,007","2,932","4,034","4,982","4,897","5,714","6,671","7,703","6,838","6,516"
 Salicylic Acid Topical, --, --, --, --, --, --, --, --, --,35,47,29, --, --, --
 Salmeterol,560,499,209, --, --, --, --, --, --, --, --, --, --, --, --
 Sertraline,"1,900","1,906","2,254","2,974","2,519","1,279",812,948,764,699,782,"1,465",919,978,904
 Sildenafil,141, --, --,199, --,298, --, --, --, --, --, --,548, --, --
 Silver Sulfadiazine Topical, 11*, --, --, --, --, --, --, --, --, --, --, --, --, --, --
 Simvastatin,"2,337","2,573","2,634","6,202","5,318","4,306","5,619","2,926","3,196","3,645","2,638","3,003","1,975","2,252","2,213"
 Sitagliptin, --, --, --, --, --, --,"1,254","1,547","1,670","2,193","2,473","2,940","3,025","4,629","5,674"
 Sodium Chloride,27,19, 24*, --, --,14,35,79,40, --,66, --,22, 56*, --
 Sodium Sulfacetamide Ophthalmic, --, --, --, --, --, --, --, --, --, --, --, --, --, --, --
 Solifenacin, --, --, --, --, --, --, --,504,587,715,841, --, --,"1,359", --
 Spironolactone,160,346,232,240,194,208,183,208,136,128,169,181,212,259,241
 Sucralfate, --, --, --, --, --, --, --, --, --, --, --,132, --,344,156
 Sulfamethoxazole-Trimethoprim,80,64,129,163,270,69,100,79,82,67,71,155,121,159,97
 Sulfisoxazole,33,25, --, --, --, --, --, --, --, --, --, --, --, --, --
 Sumatriptan, --, --,413, 748*,625,868,759,748,338,308,758,964,462,693, 750*
 Tamoxifen, --, --, --, --, --, --, --, --, --, --, --, --, --, --, --
 Tamsulosin,321,485,577,666,880,"1,220","1,694","1,612","1,548",743,502,"1,102","1,262","1,203","1,541"
 Telithromycin, --, --, --,51,52, --, --, --, --, --, --, --, --, --, --
 Telmisartan, --, --, --, --, --, --, --,251, --, --, --, --, --, --, --
 Temazepam,123,94,107,166,147,107,74,94,53,67,49,56,50,55, 95*
 Terazosin,320,261,152,272,331,186,178,74,110, 111*,88,240,124, 104*,104
 Terbinafine, --, --, --, --, --, --, --, 55*, --, --, --, --, --, 168*, 96*
 Terbinafine Topical, --, --, --, --, --, --, --, --, --, --, --, --, --, --, --
 Terconazole Topical, --, --, --, --, --, --, --, --, --, --, --, --, --, --, --
 Terfenadine, --, --, --, --, --, --, --, --, --, --, --, --, --, --, --
 Testosterone, --, --, --, --, --, --, --, --,950,"1,727","1,761","2,043","1,841","1,080", --
 Tetracycline, --, --, --, --,19, --, --, --, --, --, --, --, --, --, --
 Tetrahydrozoline Nasal, --, --, --, --, --, --, --, --, --,11, --, --, --, --, --
 Tetrahydrozoline Ophthalmic, --, --, --, --, --, --, --, --,9, --,10, --, --, --, --
 Theophylline,106, --,111,259, --, --, --, --, --, --, --, --, --, --, --
 Thyroid Desiccated,33, --, --, --,40, --, --, --, --, --, --, --, --, --, --
 Ticlopidine, --, --, --, --, --, --, --, --, --, --, --, --, --, --, --
 Timolol Ophthalmic,117, --,110,147,157,156,99,130, 272*, --, 142*, 113*,140,104, 208*
 Tiotropium, --, --, --,269,626,"1,089","1,314","1,807","1,859","2,910","3,407","4,434","4,085","3,711","3,982"
 Tizanidine,191, --, --, --, --, --, --,122, --, 290*, 206*, 194*, 359*,241,321
 Tobramycin Ophthalmic,26,30,17,17,23, --, --, --, 19*, --, --,8, --, --, --
 Tolterodine,345,457,412,714,798,838,852,662,612, --, --, --, --, --, --
 Topiramate,352,889,509,"1,202",996,"2,177","1,728","2,218","1,553","1,308",708,635,670,885,558
 Tramadol,327,150,240,505,615,462,776,546,383,398,447,368,444,546,489
 Travoprost Ophthalmic, --, --, --, --,173,308,277,363,383,535,478,407, 912*, --, --
 Trazodone,216,127,237,675,701,259,146,179,168,178,333,351,361,438,450
 Tretinoin Topical,120,99,133,84, --, --, --, 155*, --, --,102, 174*, --,195,197
 Triamcinolone,148,100, --, --, --, --, --, --, --, --, --, --, --, --, --
 Triamcinolone Nasal,167,284,321,354,284,367,233,286, --, --, --, --, --, --, --
 Triamcinolone Topical,19,22,22,46,65,73,31,38,45,67,86,71,64, 228*,111
 Triamterene,322, --, --, --, --, --, --, --, --, --, --, --, --, --, --
 Trimethoprim, --, --, --,88, --, --, --, --, --, --, --, --, --, --, --
 Troglitazone, --, --, --, --, --, --, --, --, --, --, --, --, --, --, --
 Valacyclovir,176, --, --,191,367,661,615,852,576,549,439,538,494, 741*,303
 Valdecoxib,193,674,818,229, --, --, --, --, --, --, --, --, --, --, --
 Valsartan,850,"1,014","1,424","1,432","1,309","1,852","2,244","2,184","2,091","2,511","3,066","2,580","1,992",936,"1,088"
 Varenicline, --, --, --, --, --,305,248, --, --, --, --, --, --, --, --
 Venlafaxine,"1,095","1,400","1,748","1,938","1,733","2,147","2,700","3,046","2,619","2,052","1,085","1,252","1,418",830,"1,063"
 Verapamil,612,575,553,624,471,270,272,287,225,178,146,178,246,179,252
 Warfarin,724,701,911,983,"1,036",626,535,714,736,700,503,482,557,559,557
 Yohimbine, --, --, --, --, --, --, --, --, --, --, --, --, --, --, --
 Zolpidem,460,677,644,"1,211","1,215","1,626","1,255",820,"1,014","1,001","1,073","1,497","1,164",777,650
,,,,,,,,,,,,,,,
"Standard errors for total expenditures in millions by prescribed drug, United States, 2002-2016",,,,,,,,,,,,,,,
Prescribed drug,2002,2003,2004,2005,2006,2007,2008,2009,2010,2011,2012,2013,2014,2015,2016
 Acetaminophen,2,6,5,8,4,3,4,5,6,5,6,3,9,3,3
 Acetaminophen-Butalbital, --, --, --, --, --, --, --, --, --, --, --, --, --, --, --
 Acetaminophen-Codeine,19,21,14,20,11,16,10,16,11,11,10,8,7,11,13
 Acetaminophen-Hydrocodone,52,49,84,87,87,63,69,73,104,91,97,110,180,168,146
 Acetaminophen-Oxycodone,28,30,55,101,51,65,187,104,200,223,389,482,330,174,120
 Acetaminophen-Propoxyphene,23,21,34,54,37,48,26,20,22, --, --, --, --, --, --
 Acetaminophen-Tramadol,27,47,52,17,38,63, --, --, --,33, --, --, --, --, --
 Acetaminophen/Butalbital/Caffeine, --, --, --, --, --, --, --, --, --,15,18,17,21,65,25
 Acyclovir,15,39,48,23,34,21,14,17,11,19,26,16,21,41,20
 Adapalene Topical, --,19, --, --, --, --, --, --, --, --, --, --, --, --, --
 Albuterol,66,76,63,83,154,77,88,107,113,110,132,126,189,157,176
 Albuterol-Ipratropium,33,54,70,113,103,127,135,159,121,221,181,335,228,294,144
 Alendronate,79,90,109,172,140,190,150,99,59,47,45,45,157,59,81
 Allopurinol,19,22,23,29,37,11,10,14,9,11,28,19,22,248,30
 Alprazolam,51,71,89,91,95,69,73,52,45,78,66,70,65,40,52
 Amiodarone,45, --, --,66, --, --, --, --, --, --,31, --, --,16, --
 Amitriptyline,25,22,19,26,44,14,12,17,11,32,12,10,34,30,25
 Amlodipine,115,112,158,159,173,143,89,74,89,78,107,122,104,120,158
 Amlodipine-Atorvastatin, --, --, --, --, --,114, --, --, --, --, --, --, --, --, --
 Amlodipine-Benazepril,68,97,115,122,116,184,175,182,168,81,56,171,110,103,77
 Amoxicillin,11,16,12,14,21,12,23,20,32,12,13,14,17,14,16
 Amoxicillin-Clavulanate,40,25,31,43,52,25,39,30,34,26,25,20,171,41,36
 Amphetamine-Dextroamphetamine,65,66,108,116,192,192,188,288,296,302,305,262,387,418,248
 Ampicillin,4,2, --,3, --, --, --, --, --, --, --, --, --, --, --
 Antazoline-Naphazoline Ophthalmic, --, --, --, --, --, --, --, --, --, --, --, --, --, --, --
 Antipyrine-Benzocaine Otic, --, --,2, --, --, --, --, --, --, --, --, --, --, --, --
 APAP/Butalbital/Caffeine,10, --,15,19,11,10, --,8, --, --, --, --, --, --, --
 APAP/Dichloralphenazone/Isometheptene,4, --,5, --, --, --, --, --, --, --, --, --, --, --, --
 Apixaban, --, --, --, --, --, --, --, --, --, --, --, --, --,308,517
 Aripiprazole, --, --, --, --, --, --,354,644,534,692,873,985,826,881,472
 ASA/Butalbital/Caffeine, --, --, --, --, --, --, --, --, --, --, --, --, --, --, --
 ASA/Caffeine/Orphenadrine, --, --, --, --, --, --, --, --, --, --, --, --, --, --, --
 Aspirin,3,6,7,17,29,6,30,8,9,11,8,9,8,6,9
 Aspirin-Carisoprodol,20,13, --, --, --, --, --, --, --, --, --, --, --, --, --
 Aspirin/Carisoprodol/Codeine, --, --, --, --, --, --, --, --, --, --, --, --, --,5, --
 Atenolol,93,73,108,160,126,47,36,41,30,39,41,35,28,37,44
 Atenolol-Chlorthalidone, --, --, --, --, --,17,32,22,13,12,19,9,7, --, --
 Atomoxetine, --,41,90,105,59, --,129, --, --, --, --, --, --, --, --
 Atorvastatin,286,350,441,407,459,528,549,466,599,655,393,323,424,432,520
 Atropine-Diphenoxylate, --, --, --,6, --, --, --, --, --, --, --, --, --, --, --
 Atropine/Hyoscyamine/PB/Scopolamine, --, --, --, --, --, --, --, --, --, --, --, --, --, --, --
 Azelastine Nasal, --, --, --,25,39,59,35,41, --, --, --, --, --, --, --
 Azithromycin,24,46,37,66,69,41,44,51,36,60,34,33,44,21,119
 Bacitracin Topical, --, --, --, --, --, --, --, --, --, --, --, --, --, --, --
 Bacitracin-Polymyxin B Topical, --,1,1,2,3,2,2,1,3,4,1, --, --, --, --
 Bacitracin/HC/Neomycin/Polymyxin B Topical, --, --, --, --, --, --, --, --, --, --, --, --, --, --, --
 Bacitracin/Neomycin/Polymyxin B Topical,4,6, --, --, --, --, --, --, --, --, --, --, --,2,2
 Baclofen, --, --, --, --,58,22, --,14,8,11,34,20,145,133,54
 Beclomethasone, --, --, --, --,12, --,52,333,84,70,173,183,109,88,86
 Beclomethasone Nasal, --, --, --, --, --, --, --, --, --, --, --, --, --, --, --
 Benazepril,37,73,39,42,45,19,19,12,14,12,16,13,18,18,18
 Benzonatate,6,7,9,9,6,5,7,14,9,18,17,15,13,26,8
 Benzoyl Peroxide Topical,8, --, --, --, --, --, --, --, --, --, --, --, --, --, --
 Benzoyl Peroxide-Clindamycin Topical, --, --, --,23,54, --, --, --, --, --, --, --, --, --, --
 Benztropine, --, --, --, --, --, --, --, --, --, --, --, --, --, --, --
 Betamethasone Topical, --,15, --, --, --, --, --, --, --, --, --, --, --,13, --
 Betamethasone-Clotrimazole Topical,6, --, --, --, --, --, --, --, --, --, --,11, --,12, --
 Bimatoprost Ophthalmic, --, --, --, --, --,65, --,70, --, --, --, --, --, --, --
 Bisoprolol-Hydrochlorothiazide, --, --, --,56,50,29,21,39, --,13,19, --, --, --, --
 Brimonidine Ophthalmic,38,36,34,35,54,54, --,66,71,42,85, --,62, --,145
 Brompheniramine-Phenylpropanolamine, --, --, --, --, --, --, --, --, --, --, --, --, --, --, --
 Brompheniramine/Dextromethorphan/PPA, --, --, --, --, --, --, --, --, --, --, --, --, --, --, --
 Brompheniramine/Dextromethorphan/PSE,2,6,3,3,5,2,1,2, --, --,4,4,7,5,5
 Budesonide, --,62,55,84,80,171,144,222,299,395,257,826,383,849,194
 Budesonide Nasal,25,32, --,60,29,37, --, --, --, --, --, --, --, --, --
 Budesonide-Formoterol, --, --, --, --, --, --, --,127,183,172,214,445,362,336,472
 Bupropion,62,92,133,167,218,329,246,211,238,143,517,569,147,133,186
 Buspirone,79, --,48,53,37,24,41,24, --,13,48,65,54,50,60
 Calcitonin,21, --, --, --, --, --, --, --, --, --, --, --, --, --, --
 Calcium Carbonate,2, --, --,17,4,3, --,5,3, --,6, --, --, --, --
 Calcium-Vitamin D, --, --,3, --,4,9,6,4,4,3,2,5,4, --, --
 Camphor-Menthol Topical, --, --, --, --, --, --, --, --, --, --, --, --, --,2, --
 Canagliflozin, --, --, --, --, --, --, --, --, --, --, --, --, --,434,283
 Captopril,47,52,49,44,35, --, --, --, --, --, --, --, --, --, --
 Carbamazepine,45,40,43,69,49,56, --,78,69,56,56, --, --, --, --
 Carbamide Peroxide Otic,1,0, --,3,0, --,1,0, --,1, --, --, --, --, --
 Carbinoxamine-Pseudoephedrine,2, --, --, --, --, --, --, --, --, --, --, --, --, --, --
 Carbinoxamine/Dextromethorphan/PSE, --, --, --,3, --, --, --, --, --, --, --, --, --, --, --
 Carisoprodol,32,29,73,74,76,27,41,26,62,24,14,23,23,23, --
 Carvedilol,78,93,99,133,134,200,167,116,80,144,101,140,89,295,186
 Cefaclor,9, --, --, --, --, --, --, --, --, --, --, --, --, --, --
 Cefadroxil, --, --, --, --, --, --, --, --, --, --, --, --, --, --, --
 Cefdinir,8,14,17,33,33,28,19,34,26,25,15,23,25,15,13
 Cefixime, --, --, --, --, --, --, --, --, --, --, --, --, --, --, --
 Cefpodoxime, --, --, --, --, --, --, --, --, --, --, --, --, --, --, --
 Cefprozil,14,11,14,23, --, --, --, --, --, --, --, --, --, --, --
 Ceftibuten, --, --, --, --, --, --, --, --, --, --, --, --, --, --, --
 Cefuroxime,17,13, --,10,9,15, --,6, --, --, --,30, --, --,11
 Celecoxib,148,201,163,153,167,141,203,240,198,309,291,295,345,181,174
 Cephalexin,22,13,20,22,28,18,13,13,20,12,17,13,11,10,30
 Cerivastatin, --, --, --, --, --, --, --, --, --, --, --, --, --, --, --
 Cetirizine,93,96,68,117,122,130,45,20,39,9,18,25,24,242,33
 Cetirizine-Pseudoephedrine, --, --,16,24,25, --, --, --, --, --, --, --, --, --, --
 Chlorhexidine Topical,2, --, --,3,2, --,7,2,5,2,3,1,2,1,3
 Chlorpheniramine, --, --, --, --, --, --, --, --, --, --, --, --, --, --, --
 Chlorpheniramine-Hydrocodone,6,7, --, --, --, --, --,21, --, --, --, --, --, --, --
 Chlorpheniramine-Pseudoephedrine,4,13, --,4, --, --, --, --, --, --, --, --, --, --, --
 Chlorpheniramine/Dextromethorp/Phenylephrine, --, --, --, --, --,3,4,6,10,3, --, --, --, --, --
 Chlorpheniramine/Hydrocodone/Phenylephrine,3, --,3,2, --, --, --, --, --, --, --, --, --, --, --
 Chlorpheniramine/Methscopolamine/PE, --, --, --, --, --, --, --, --, --, --, --, --, --, --, --
 Chlorpheniramine/Phenylephrine/Pyrilamine, --, --, --, --, --, --, --, --, --, --, --, --, --, --, --
 Chlorthalidone, --, --, --, --, --, --, --, --, --, --, --,14,18,34,33
 Cholecalciferol, --, --, --, --, --, --, --, --,4,5, --,7,7,8,4
 Ciclopirox Topical,17, --, --, --, --, --, --, --, --, --, --, --, --, --, --
 Cimetidine,46, --, --, --, --, --, --, --, --, --, --, --, --, --, --
 Ciprofloxacin,29,35,30,55,43,37,32,9,23,24,43,35,32,36,21
 Ciprofloxacin Ophthalmic,7, --, --, --, --, --, --, --, --, --, --, --, --, --,6
 Ciprofloxacin-Dexamethasone Otic, --, --, --,11, --, --, --,19, --, --, --, --, --, --, --
 Cisapride, --, --, --, --, --, --, --, --, --, --, --, --, --, --, --
 Citalopram,87,97,101,135,91,45,72,38,25,39,60,133,134,52,45
 Clarithromycin,12,23,22,29,24,10,13,10,8,12,16,19, --, --, --
 Clindamycin, --, --,13,18,21,11,8,15,9,13,25,20,17,19,14
 Clindamycin Topical, --, --, --, --, --, --,15,25, --, --,19,24,52,25,15
 Clobetasol Topical,20,14,25,20,34,30,76,55,43,60,139,213,73,143,184
 Clonazepam,55,67,61,72,68,49,62,43,29,36,24,159,152,39,36
 Clonidine,29,46,47,56,36,64,41,76,38,48,54,59,32,84,49
 Clopidogrel,154,156,162,274,315,338,413,489,562,643,431,348,192,231,188
 Clorazepate, --, --, --, --, --, --, --, --, --, --, --, --, --, --, --
 Clotrimazole Topical,3,4, --,3,2, --, --, --, --, --,3,3,4,4,5
 Codeine-Guaifenesin,4,2,2,4,4,2,10,3,2,2,4,4,5,4,4
 Codeine-Promethazine,2,3,2,5,8,3,5,2,2,3, --,4,3,2, --
 Colchicine,7, --, --, --,13, --,6,14,21,49,133,147,178, --, --
 Conjugated Estrogens,112,80,80,93,63,80,73,110,91,86,72,91,117, --,156
 Conjugated Estrogens-Medroxyprogesterone,49, --, --,33,73, --, --, --, --, --, --, --, --, --, --
 Cromolyn,25, --, --, --, --, --, --, --, --, --, --, --, --, --, --
 Cyanocobalamin, --, --, --, --, --, --, --,6, --,17,7,51, --,33,32
 Cyclobenzaprine,33,27,21,53,55,67,37,110,129,81,37,55,149,83,58
 Cyclosporine Ophthalmic, --, --, --, --, --, --, --,115, --, --, --, --,251,338,299
 Desloratadine,31,59,133,55,50,58, --, --, --, --, --, --, --, --, --
 Desogestrel-Ethinyl Estradiol,35, --,41,53,47,62,39,41,32,45,44,35,50, --,46
 Desonide Topical,10, --, --, --, --, --, --, --, --, --, --,36,70, --, --
 Dexamethasone, --, --, --, --,9, --, --, --, --, --, --, --, --, --,17
 Dexamethasone-Tobramycin Ophthalmic,8,17, --, --,9, --, --, --, --, --, --, --, --, --, --
 Dexfenfluramine, --, --, --, --, --, --, --, --, --, --, --, --, --, --, --
 Dexlansoprazole, --, --, --, --, --, --, --, --, --,147,146,120, --,242,204
 Dexmethylphenidate, --, --, --, --, --, --, --, --, --, --,121, --, --, --, --
 Dextromethorphan-Guaifenesin,2,2, --,2,5, --, --, --, --, --, --,1, --, --, --
 Dextromethorphan-Promethazine,1, --, --,1,1, --, --,1, --, --,1,1,2,2,2
 Dextromethorphan/Guaifenesin/PPA, --, --, --, --, --, --, --, --, --, --, --, --, --, --, --
 Dextromethorphan/Guaifenesin/Pseudoephedrine,4,2,3,13, --, --, --, --, --, --, --, --, --, --, --
 Diazepam,18,9,44,44,37,52,174,64,35,48,60,16,31,47,31
 Diclofenac,23,35,47,49,46,51,34,29,29,25,26,31,96,100,72
 Diclofenac Ophthalmic, --, --, --, --, --, --, --, --, --, --, --, --, --, --, --
 Diclofenac Topical, --, --, --, --, --, --, --, --, --,52,117,82,64,83,299
 Diclofenac-Misoprostol,47, --, --, --, --, --, --, --, --, --, --, --, --, --, --
 Dicyclomine,6, --, --,7,13,10,5,6,7,8,6,5,9,20,41
 Digoxin,23,18,25,21,18,14,16,15,18,15,11,16,59,39,36
 Dihydroergotamine,26,55, --, --, --, --, --, --, --, --, --, --, --, --, --
 Diltiazem,80,87,94,116,125,84,205,148,208,156,153,100,74,87,92
 Diphenhydramine,2,3,1,8,6,13,10, --,4,3,5,2,3,2,5
 Dipyridamole, --, --, --, --, --, --, --, --, --, --, --, --, --, --, --
 Divalproex Sodium,94,107,74,70,104,180,229,217,100,76,84,121,282,174,123
 Docusate,2,13,5,10,11,5,18,10,9,7,4,16,48,9,5
 Donepezil, --, --,96,123,130,186,233,214,327,150,102,102,119,62,215
 Dorzolamide Ophthalmic, --, --, --, --, --, --, --, --, --, --, --, --, --, --, --
 Dorzolamide-Timolol Ophthalmic, --, --, --, --,56,88, --, --, --, --, --, --, --,33,81
 Doxazosin,46,31,38,89,53,16,35,16,9,12,13,25,35,26,17
 Doxepin, --, --, --, --, --, --, --, --, --, --, --, --, --, --, --
 Doxycycline,26,36,23,48,61,61,70,96,225,106,176,149,172,153,113
 Doxylamine-Pyridoxine, --, --, --, --, --, --, --, --, --, --, --, --, --,51, --
 Drospirenone-Ethinyl Estradiol, --, --, --,63,70,78,65,104,90,98,94,127, --,123,89
 Duloxetine, --, --, --,75,121,222,271,302,394,342,490,673,379,302,486
 Dutasteride, --, --, --, --, --, --, --,137, --, --, --, --, --, --, --
 Dyphylline-Guaifenesin, --, --, --, --, --, --, --, --, --, --, --, --, --, --, --
" Emollients, Topical",19, --, --, --,16, --,5,15, --, --,12, --, --, --, --
 Enalapril,78,97,94,113,89,35,34,19,20,26,16,35,51,72,62
 Epinephrine, --, --, --, --, --, --, --, --, --, --, --,46,128,119,180
 Ergocalciferol, --, --, --, --, --, --,6,21,10,14,19,21,16,21,18
 Erythromycin,5,3,9,5,8,9,9,8, --,13,20,51,73, --, --
 Erythromycin Topical, --, --, --, --, --, --, --, --, --, --, --, --, --, --, --
 Erythromycin-Sulfisoxazole, --, --, --, --, --, --, --, --, --, --, --, --, --, --, --
 Escitalopram, --,80,124,138,145,186,223,263,309,341,259,107,204,196,431
 Esomeprazole,96,213,338,348,215,450,629,449,589,578,502,581,656,589,423
 Esterified Estrogens, --, --, --, --, --, --, --, --, --, --, --, --, --, --, --
 Esterified Estrogens-Methyltestosterone,29, --, --, --, --, --, --, --, --, --, --, --, --, --, --
 Estradiol,43,30,35,44,39,39,71,48, --,65,227,185,84,824,105
 Estradiol Topical, --, --, --, --, --, --, --, --, --, --, --, --,111,212,129
 Estropipate, --, --, --, --, --, --, --, --, --, --, --, --, --, --, --
 Eszopiclone, --, --, --, --,73,135, --, --, --, --, --, --, --, --, --
 Ethinyl Estradiol-Etonogestrel, --, --, --, --, --,54,49,41,68,66, --, --, --,137, --
 Ethinyl Estradiol-Levonorgestrel,29,43,55,86,82,58,58,54,64,66,62,62,62,83,47
 Ethinyl Estradiol-Norelgestromin, --,21,22,69,46, --, --, --, --, --, --, --, --, --, --
 Ethinyl Estradiol-Norethindrone,42,37,50,63,104,151,49,63,77,85,107,141,127,145,110
 Ethinyl Estradiol-Norgestimate,61,47,94,138,111,164,122,66,84,61,89,96,219,102,112
 Ethinyl Estradiol-Norgestrel, --, --, --, --, --, --, --, --, --, --, --, --, --, --, --
 Etodolac,23, --, --,24,37,25,17,18, --, --,7, --, --, --, --
 Exenatide, --, --, --, --, --,213, --, --, --, --, --, --, --, --, --
 Ezetimibe, --, --,56,135,166,164,203,201,190,223,200,244,357,422,388
 Ezetimibe-Simvastatin, --, --, --,110,147,206,235,194,217,188,210,252, --, --, --
 Famotidine,52,46,37,57,41,64,64,31,59,43,29,47,41,19,32
 Felodipine,50,32, --,68,38,80,49, --, --, --, --, --, --, --, --
 Fenfluramine, --, --, --, --, --, --, --, --, --, --, --, --, --, --, --
 Fenofibrate,40,94,87,102,132,174,246,205,234,221,272,373,300,146,159
 Ferrous Sulfate,2,2,3,7,4,3,19,4,11,8,8,11,4,5,10
 Fexofenadine,91,107,72,122,100,79,66,83,97,54,111, --, --, --, --
 Fexofenadine-Pseudoephedrine,38,52,36,47,43,48,49,61, --, --, --, --, --, --, --
 Finasteride, --, --, --, --, --,62,103,127,83,71,86,74,49,72,84
 Fluconazole,24,27, --,31,33,38,38,18,8,7,18,21,34,36,33
 Flunisolide, --, --, --, --, --, --, --, --, --, --, --, --, --, --, --
 Flunisolide Nasal, --, --, --,13, --, --, --, --, --, --, --, --, --, --, --
 Fluocinonide Topical,8, --,8, --, --,10,13,11,16,8,38,30, --,28, --
 Fluoride, --, --,2,8,6,3, --, --, --, --, --, --, --, --, --
 Fluoride Topical, --, --, --, --, --, --, --, --, --, --, --, --, --, --,5
 Fluoxetine,101,127,145,191,252,122,235,212,348,302,225,260,119,261,119
 Fluticasone,77,67,65,65,82,83,157,133,128,134,126,106,166,223,231
 Fluticasone Nasal,68,82,83,81,76,58,60,67,78,59,78,60,77,58,60
 Fluticasone-Salmeterol,102,127,179,251,265,346,423,466,482,475,720,569,493,622,648
 Fluvastatin,54,67,50,77,55, --, --, --, --, --, --, --, --, --, --
 Folic Acid,6,25,11,10,19,12,8,10,9,19,8,12,15,14,9
 Formoterol-Mometasone, --, --, --, --, --, --, --, --, --, --, --, --,148,149,271
 Fosinopril,40,57,34,49,33,34, --, --, --, --, --, --, --, --, --
 Furosemide,26,28,29,34,36,19,19,19,27,28,20,29,27,22,20
 Gabapentin,106,198,251,196,107,112,113,191,170,146,228,397,367,500,408
 Gatifloxacin,11,13, --, --, --, --, --, --, --, --, --, --, --, --, --
 Gatifloxacin Ophthalmic, --, --,37,10,13,8, --, --, --, --, --, --, --, --, --
 Gemfibrozil,62,62,41,55,65,21,29,26,23,36,37,33,27,17,33
 Gentamicin Topical, --, --, --, --, --, --, --, --, --, --, --, --, --, --, --
 Glimepiride,43,29,49,43,53,32,37,23,22,21,15,26,25,81,85
 Glipizide,34,56,50,53,78,149,31,29,37,33,37,125,44,25,29
 Glyburide,89,50,58,96,77,28,28,38,23,41,26,53,28,26,16
 Glyburide-Metformin,52,64,81,68,57,31,39,29,27,27,51,52, --, --, --
 Guaifenesin,6,9,3,13,9,12,5,6,10,4,2,6,8,6,4
 Guaifenesin-Phenylephrine,2, --, --,6, --,20, --, --, --, --, --, --, --, --, --
 Guaifenesin-Phenylpropanolamine, --, --, --, --, --, --, --, --, --, --, --, --, --, --, --
 Guaifenesin-Pseudoephedrine,9,9,12,17,10,11, --, --, --, --, --, --, --, --, --
 Guaifenesin/Phenylephrine/PPA, --, --, --, --, --, --, --, --, --, --, --, --, --, --, --
 Homatropine-Hydrocodone,10,24,19,9,10,11,8,6, --,20,10,16, --, --, --
 Hydralazine, --, --, --, --, --, --, --,12, --,21,26,23,23,25,45
 Hydrochlorothiazide,18,15,22,27,30,22,33,21,22,29,23,34,38,29,24
 Hydrochlorothiazide-Irbesartan, --, --,46,51,59,79,89,60, --, --, --, --, --, --, --
 Hydrochlorothiazide-Lisinopril,43,29,43,62,84,35,39,33,28,32,28,46,43,41,46
 Hydrochlorothiazide-Losartan,44, --, --,62,71,66,152,94,87,68,62,80,57,58,44
 Hydrochlorothiazide-Olmesartan, --, --, --,37,36,68,139,166,117,71,108,169, --, --, --
 Hydrochlorothiazide-Propranolol,7, --,168, --, --, --, --,12,33, --, --,93,63, --, --
 Hydrochlorothiazide-Triamterene,28,25,39,41,39,28,21,18,13,12,16,17,23,18,20
 Hydrochlorothiazide-Valsartan,28, --,74,65,80,114,148,181,167,134,216,94,206,71,77
 Hydrocodone, --, --, --, --, --, --, --, --,31, --, --, --, --,410,192
 Hydrocortisone Topical,7,11,9,13,9,7,12,14,17,14,7,19,26,52,27
 Hydrocortisone/Neomycin/Polymyxin B Ophth, --, --, --, --, --, --, --, --, --, --, --, --, --, --, --
 Hydrocortisone/Neomycin/Polymyxin B Otic, --, --,3,4,6,3,2,2, --, --, --, --, --,5,10
 Hydrocortisone/Neomycin/Polymyxin B Topical, --, --, --, --, --, --, --, --, --, --, --, --, --, --, --
 Hydroxychloroquine, --, --, --, --, --, --,19,16,49,31,30,51,57,139,167
 Hydroxyzine,15,22,23,29,20,11,21,15,21,19,22,31,22,38,24
 Hyoscyamine,7,24,18,21,11,11, --, --, --, --, --, --, --, --, --
 Ibandronate, --, --, --, --, --,74,98,108,144, --, --, --, --, --, --
 Ibuprofen,19,16,15,55,27,14,16,14,20,15,17,28,31,25,32
 Imipramine, --, --, --, --, --, --, --, --, --, --, --, --, --, --, --
 Indapamide,19, --, --, --, --, --, --, --, --, --, --, --, --, --, --
 Indomethacin,16,19,14,20,14,12,12,22,24,13,27,12,12, --, --
 Insulin Aspart, --, --, --, --, --, --,164,198,284,254,377,602,"1,282",724,"1,275"
 Insulin Detemir, --, --, --, --, --, --, --, --, --, --,185,226,458,655,713
 Insulin Glargine,68, --,77,165,135,213,395,261,366,504,528,688,912,"1,153","1,360"
 Insulin Isophane,54, --,46,118,77,120,398,202,257,239,527, --, --, --, --
 Insulin Isophane (Nph), --, --, --, --, --, --, --, --, --, --, --,372,376,638,262
 Insulin Isophane (Nph)-Insulin Regular, --, --, --, --, --, --, --, --, --, --, --,120, --, --, --
 Insulin Isophane-Insulin Regular,50,55,39,44,56,80,55,115, --,127,65, --,207,167,253
 Insulin Lispro, --, --, --, --, --, --, --,153,210,345,531,245,415,690,935
 Insulin Regular, --, --, --, --, --, --, --, --, --, --, --, --, --, --, --
 Ipratropium,37,124,43,74,42,40, --, --, --, --, --, --, --, --, --
 Irbesartan, --, --,58,73,91,65,84,158,83,102,106, --, --,53, --
 Isosorbide Dinitrate, --, --, --, --, --, --, --,47,21, --, --, --, --, --, --
 Isosorbide Mononitrate,36,25,53,54,41,25,48,65,26,25,16,33,27,19,32
 Ketoconazole Topical,7, --, --, --,7, --,9, --,11,4, --,5,20,18,88
 Ketoprofen, --, --, --, --, --, --, --, --, --, --, --, --, --, --, --
 Labetalol, --, --, --, --, --, --, --, --, --, --,18,36, --, --, --
 Lamotrigine, --, --, --, --,224,255,592,310,128,199,414,392,323,334,468
 Lansoprazole,174,218,228,231,229,323,364,398,210,175,184,180,143,125,97
 Latanoprost Ophthalmic,67,48,53,47,62,59,96,125,123,53,53,30,52,54,47
 Levalbuterol, --, --, --,78,74,104,59,84,92,161,194,66, --, --, --
 Levetiracetam, --, --, --, --, --, --, --, --,141,71,157,166,169,130,237
 Levocetirizine, --, --, --, --, --, --, --, --, --, --, --, --, --,11,20
 Levofloxacin,44,33,20,43,51,59,60,153,73,69,43,203,44,75,22
 Levonorgestrel,19,19, --, --, --, --, --, --, --, --, --, --, --, --, --
 Levothyroxine,64,82,74,93,100,68,86,74,86,94,100,102,127,165,163
 Lidocaine Topical, --, --, --,69,78,113,175,114,115,420,234,137,137,166,195
 Liraglutide, --, --, --, --, --, --, --, --, --, --, --, --, --,566,514
 Lisdexamfetamine, --, --, --, --, --, --, --,156,140,198,253,262,296,286,249
 Lisinopril,101,156,137,159,184,64,68,60,65,59,69,82,100,86,121
 Lithium,19, --, --, --, --, --, --, --, --, --, --, --, --, --, --
 Loracarbef, --, --, --, --, --, --, --, --, --, --, --, --, --, --, --
 Loratadine,84,75,50,22,19,9,17,10,11,13,10,14,18,16,11
 Loratadine-Pseudoephedrine,48, --, --, --,24, --, --,13, --, --, --, --, --, --, --
 Lorazepam,40,37,35,62,55,22,29,31,30,29,45,29,58,38,48
 Losartan,61,61,38,110,87,124,157,137,146,78,75,129,170,134,123
 Lovastatin,47,61,75,126,116,110,94,81,57,70,41,37,61,36,36
 Magnesium Oxide, --, --, --, --, --, --, --, --, --, --, --, --, --,6, --
 Meclizine,7,6,7,6,11,8,6,10,14,15,16,10,12,14,15
 Medroxyprogesterone,21,22,8,12,13,8,9,9,9,9,17,12,24,26,7
 Meloxicam,24,46,57,135,137,91,73,50,32,19,39,57,67,95,108
 Memantine, --, --, --, --, --, --, --,158, --,186, --, --, --,215,260
 Mesalamine, --, --, --, --, --, --, --,429,581,794, --, --, --, --, --
 Metaxalone,39,22,19,36,49,73,70,72, --, --, --, --, --, --, --
 Metformin,149,163,131,135,193,109,149,75,86,99,200,213,455,809,909
 Metformin-Rosiglitazone, --, --,68,58, --, --, --, --, --, --, --, --, --, --, --
 Metformin-Sitagliptin, --, --, --, --, --, --, --, --, --, --, --,197,343,618,333
 Methocarbamol,10,6,9,39,18,10,15,7,12,10,18,14,30,19,9
 Methotrexate,39, --, --,66,73,30,31,44, --, --, --, --, --, --,523
 Methyl Salicylate Topical, --,5, --, --, --, --, --, --, --, --, --, --, --, --, --
 Methylphenidate,85,98,113,116,165,152,214,241,261,324,256,270,308,352,378
 Methylprednisolone,10,4,7,9,8,5,4,7,9,11,18,8,11,13,6
 Metoclopramide,12,14,31,48,30,12,15,12,10,8,8,5, --,10,11
 Metoprolol,91,103,135,163,166,123,148,126,128,123,126,121,115,116,179
 Metronidazole,4,8,9,8,4,4,7,11,13,5,4,6,4,7,9
 Metronidazole Topical,14,20,29,17,24,31, --,21, --,22,42, --, --, --, --
 Minocycline,33, --,46,56,35, --,34,178, --,131,94,105,221, --,201
 Mirtazapine,42,46,46,82,47,23,29,18,21,15,17,27,48,47,33
 Mometasone, --, --, --, --, --, --, --, --, --,124, --, --, --, --, --
 Mometasone Nasal,37,72,42,64,70,83,107,80,94,123,179,146,122,111,93
 Mometasone Topical, --, --, --, --, --, --, --, --, --, --, --, --, --, --, --
 Montelukast,77,113,116,168,240,210,282,281,334,456,398,178,161,171,220
 Morphine, --, --, --,64,93,145,150,138,144,225,148,138,162,188,202
 Moxifloxacin, --, --,22,23,17,26,22,31, --, --, --, --, --, --, --
 Moxifloxacin Ophthalmic, --, --, --,8,16,16,10,15,16,17,15,21,41, --, --
 Multivitamin,9,14,17,18,57,22,34,22,27,50,40,52,20,21,16
 Multivitamin With Fluoride, --, --, --, --,5, --, --, --, --, --, --, --, --, --, --
 Multivitamin With Iron,8, --, --, --, --, --, --, --, --, --, --, --, --,22, --
 Multivitamin With Minerals,4,9,6,13,11,11,7,7, --, --, --,46, --, --,21
" Multivitamin, Prenatal",9,11,13,26,27,20,19,23,41,78,54,18,20,17,12
 Mupirocin Topical,8,8,9,16,16,7,6,9,8,11,25,13,13,20,18
 Nabumetone,35,40,42,36,39,51,29,29,42,10,13,27,49,13, --
 Naphazoline Ophthalmic,2,3, --,3, --, --, --, --, --, --, --,2,1, --, --
 Naphazoline-Pheniramine Ophthalmic,5, --, --, --,4,4, --,2, --, --, --, --,3, --, --
 Naproxen,41,48,50,60,62,25,68,33,25,26,23,15,32,32,25
 Nebivolol, --, --, --, --, --, --, --, --, --,101,89,79,107,140,233
 Nefazodone, --, --, --, --, --, --, --, --, --, --, --, --, --, --, --
 Niacin,28, --,95,29,97,130,275,157,223,260,173,248, --, --, --
 Nifedipine,80,64,73,73,79,80,130,79,95,60,37,40,62,53,84
 Nitrofurantoin,11,33,19,82,20,66,12,24,84,33,28,37,46,35,56
 Nitroglycerin,31,36,34,54,37,34,50,19,36,33,53,59,25,24,24
 Nizatidine, --, --, --, --, --, --, --, --, --, --, --, --, --, --, --
 Nortriptyline,18, --, --, --, --, --,30,12, --, --,8,13,16,10,17
 Nystatin, --, --,5, --, --, --, --, --, --, --, --, --,7, --, --
 Nystatin Topical, --, --, --, --,2, --, --, --, --, --,12,25,18, --,9
 Ocular Lubricant, --, --, --,5,12,7, --,9,3,6, --,9, --,5,4
 Ofloxacin, --, --, --, --, --, --, --, --, --, --, --, --, --, --, --
 Ofloxacin Ophthalmic,8, --, --, --, --, --, --, --, --, --, --, --, --, --, --
 Olanzapine,149,242,218,362,346, --, --, --, --, --, --, --, --, --, --
 Olmesartan, --, --,50,55,67,82,83,105,136,132,142,145,170,265,296
 Olopatadine Ophthalmic,16,44,39,26,25,29,25,39,54,46, --,41,64,108,57
 Omega-3 Polyunsaturated Fatty Acids, --, --, --, --, --, --,98,113,111,204,159,147,271,159,106
 Omeprazole,169,192,165,152,169,170,244,151,591,368,308,281,282,280,384
 Ondansetron, --, --, --, --, --, --,102,80,178,93,38,165,137,69,136
 Oseltamivir, --, --, --,13, --, --,16,30, --,17,44,41,59,39,42
 Oxaprozin, --, --, --, --, --, --, --, --, --, --, --, --, --, --, --
 Oxybutynin,44,84,64,86,75,57,44,51,71,58,103,80,113,117,57
 Oxycodone,119,104,235,127,607,263,260,393,489,505,400,487,352,337,474
 Pantoprazole,87,133,149,211,184,256,228,180,201,123,108,115,161,208,265
 Paroxetine,125,169,154,159,197,97,113,183,354,235,104,109,84,159,404
 Penicillin,3,4,4,5,7,6,5, --, --, --, --, --, --, --, --
 Penicillin V Potassium, --, --, --, --, --, --, --,3,4,3,3,3,6,13,4
 Pentoxifylline, --, --, --, --, --, --, --, --, --, --, --, --, --, --, --
 Permethrin Topical, --, --, --, --, --, --, --, --, --, --, --, --, --, --, --
 Phenazopyridine, --, --,5,4,2,2,3, --, --, --,4,2,3,16, --
 Pheniramine/PPA/Phenyltoloxamine/Pyrilamine, --, --, --, --, --, --, --, --, --, --, --, --, --, --, --
 Phenobarbital, --, --, --, --, --, --, --, --, --, --, --, --, --, --, --
 Phentermine, --, --, --, --, --, --, --,13, --,12, --,11,21,15,10
 Phenylephrine-Promethazine,4, --,3,3, --, --, --,6, --, --, --, --, --, --, --
 Phenytoin,35, --,39,44,36,30,30,42, --, --,32,40,50,69, --
 Pilocarpine Ophthalmic, --, --, --, --, --, --, --, --, --, --, --, --, --, --, --
 Pimecrolimus Topical, --,57,91,21, --, --, --, --, --, --, --, --, --, --, --
 Pioglitazone,125,195,169,195,219,381,399,347,333,298,327,273,183,161,115
 Piroxicam, --, --, --,30, --, --, --, --, --, --, --, --, --, --, --
 Polyethylene Glycol 3350, --,10,11,27,19,10, --, --, --, --, --,14,23,12,10
 Polyethylene Glycol 3350 With Electrolytes, --, --, --, --, --, --, --, --,6, --,12,7, --,4,7
 Polyethylene Glycol Electrolyte Solution, --, --, --, --, --, --, --, --, --, --, --, --, --, --, --
 Polymyxin B-Trimethoprim Ophthalmic, --, --, --, --, --, --, --, --, --, --, --, --, --,3,2
 Potassium Chloride,37,44,43,46,53,40,38,34,46,58,59,68,80,76,79
 Pramipexole, --, --, --, --, --, --, --,331, --, --, --, --, --, --, --
 Pravastatin,179,150,164,168,134,118,218,85,155,75,78,113,140,158,93
 Prednisolone,4,3,25,45,11,6,4,4,5,14,3,5,4,11,4
 Prednisolone Ophthalmic,11, --,11,14,8,11,5,5,6,7,5,11,32,24,35
 Prednisone,9,10,15,16,21,15,13,11,11,11,15,22,23,18,19
 Pregabalin, --, --, --, --,81,97,156,292,356,331,293,429,712,571,615
 Prochlorperazine, --, --, --, --,4, --, --, --, --, --, --, --, --, --, --
 Progesterone,25, --, --,26, --, --, --, --, --, --, --, --, --, --, --
 Promethazine,9,12,7,12,9,9,8,14,9,10,11,7,34,23,18
 Propoxyphene,4, --, --, --, --, --, --, --, --, --, --, --, --, --, --
 Propranolol,43,57,47,72,73,34,50,35,50,39, --,141,54,88,101
 Pseudoephedrine,1, --, --, --, --, --, --, --, --, --, --, --, --, --, --
 Quetiapine,78,64,131,194,297,378,369,282,551,407,420,695,506,512,312
 Quinapril,47,66,58,105,72,44,32,29,37,17,22, --, --, --, --
 Quinine,7, --,15,23,29, --, --, --, --, --, --, --, --, --, --
 Rabeprazole,86,165,121,121,125,146,199,220,114, --, --, --, --, --, --
 Raloxifene,38,65,107,152,111,136,136,106, --, --, --, --, --, --, --
 Ramipril,61,57,87,94,88,86,69,39,95,45,30,27,90,56,98
 Ranitidine,90,139,86,145,91,119,65,75,31,39,42,35,108,78,39
 Ribavirin, --, --, --, --, --, --, --, --, --, --, --, --, --, --, --
 Riboflavin, --, --, --, --, --, --, --, --, --, --, --, --, --, --, --
 Risedronate,41,60,61,86,99,159,138,110,158, --, --, --, --, --, --
 Risperidone,103,118,137,232,172,226,359,208,51,51,175,148,112,160,134
 Rivaroxaban, --, --, --, --, --, --, --, --, --, --, --, --,208,288,607
 Rizatriptan, --, --, --, --, --, --, --,159, --, --, --, --, --, --, --
 Rofecoxib,121,111,98, --, --, --, --, --, --, --, --, --, --, --, --
 Ropinirole, --, --, --, --, --, --,60,31,72,42,170,37,55,91,47
 Rosiglitazone,158,132,122,165,257,185,204,156, --, --, --, --, --, --, --
 Rosuvastatin, --, --,94,112,124,157,263,303,385,348,475,769,673,567,681
 Salicylic Acid Topical, --, --, --, --, --, --, --, --, --,6,13,7, --, --, --
 Salmeterol,66,81,35, --, --, --, --, --, --, --, --, --, --, --, --
 Sertraline,149,159,173,230,193,114,77,101,78,70,102,179,125,111,77
 Sildenafil,26, --, --,37, --,72, --, --, --, --, --, --,145, --, --
 Silver Sulfadiazine Topical,5, --, --, --, --, --, --, --, --, --, --, --, --, --, --
 Simvastatin,338,284,222,408,330,238,413,210,213,218,167,248,122,153,158
 Sitagliptin, --, --, --, --, --, --,245,188,218,262,346,406,354,561,675
 Sodium Chloride,7,4,10, --, --,3,10,13,7, --,12, --,6,19, --
 Sodium Sulfacetamide Ophthalmic, --, --, --, --, --, --, --, --, --, --, --, --, --, --, --
 Solifenacin, --, --, --, --, --, --, --,97,108,164,213, --, --,261, --
 Spironolactone,21,36,26,34,32,29,29,27,20,16,25,27,52,39,51
 Sucralfate, --, --, --, --, --, --, --, --, --, --, --,36, --,92,37
 Sulfamethoxazole-Trimethoprim,12,8,20,19,40,7,15,9,8,10,8,43,31,14,22
 Sulfisoxazole,5,4, --, --, --, --, --, --, --, --, --, --, --, --, --
 Sumatriptan, --, --,84,226,90,134,139,136,83,65,160,265,111,204,300
 Tamoxifen, --, --, --, --, --, --, --, --, --, --, --, --, --, --, --
 Tamsulosin,40,67,102,82,92,146,198,194,214,90,61,200,208,174,149
 Telithromycin, --, --, --,7,8, --, --, --, --, --, --, --, --, --, --
 Telmisartan, --, --, --, --, --, --, --,54, --, --, --, --, --, --, --
 Temazepam,24,18,23,28,32,23,12,26,10,16,10,12,10,13,39
 Terazosin,41,39,22,40,59,32,40,10,21,34,18,48,24,42,25
 Terbinafine, --, --, --, --, --, --, --,17, --, --, --, --, --,53,36
 Terbinafine Topical, --, --, --, --, --, --, --, --, --, --, --, --, --, --, --
 Terconazole Topical, --, --, --, --, --, --, --, --, --, --, --, --, --, --, --
 Terfenadine, --, --, --, --, --, --, --, --, --, --, --, --, --, --, --
 Testosterone, --, --, --, --, --, --, --, --,193,416,423,512,431,258, --
 Tetracycline, --, --, --, --,4, --, --, --, --, --, --, --, --, --, --
 Tetrahydrozoline Nasal, --, --, --, --, --, --, --, --, --,2, --, --, --, --, --
 Tetrahydrozoline Ophthalmic, --, --, --, --, --, --, --, --,1, --,2, --, --, --, --
 Theophylline,14, --,22,75, --, --, --, --, --, --, --, --, --, --, --
 Thyroid Desiccated,7, --, --, --,8, --, --, --, --, --, --, --, --, --, --
 Ticlopidine, --, --, --, --, --, --, --, --, --, --, --, --, --, --, --
 Timolol Ophthalmic,24, --,20,23,25,27,16,24,91, --,44,39,37,29,65
 Tiotropium, --, --, --,54,91,130,189,224,266,343,415,689,613,443,504
 Tizanidine,47, --, --, --, --, --, --,27, --,109,66,61,115,55,79
 Tobramycin Ophthalmic,4,7,3,3,6, --, --, --,7, --, --,2, --, --, --
 Tolterodine,44,80,64,108,92,110,137,109,125, --, --, --, --, --, --
 Topiramate,74,228,101,211,160,333,281,339,262,366,158,148,138,245,140
 Tramadol,67,26,41,60,81,69,144,102,79,70,56,34,43,102,68
 Travoprost Ophthalmic, --, --, --, --,30,66,53,63,85,120,101,81,307, --, --
 Trazodone,34,20,32,68,81,38,18,20,23,24,54,42,45,78,73
 Tretinoin Topical,23,18,23,20, --, --, --,47, --, --,24,56, --,42,39
 Triamcinolone,27,22, --, --, --, --, --, --, --, --, --, --, --, --, --
 Triamcinolone Nasal,22,45,43,50,43,59,45,58, --, --, --, --, --, --, --
 Triamcinolone Topical,5,4,4,7,16,21,4,6,8,13,16,11,9,92,17
 Triamterene,41, --, --, --, --, --, --, --, --, --, --, --, --, --, --
 Trimethoprim, --, --, --,14, --, --, --, --, --, --, --, --, --, --, --
 Troglitazone, --, --, --, --, --, --, --, --, --, --, --, --, --, --, --
 Valacyclovir,52, --, --,37,83,126,117,164,124,119,73,114,139,282,58
 Valdecoxib,31,110,108,45, --, --, --, --, --, --, --, --, --, --, --
 Valsartan,75,88,145,137,113,171,232,210,234,328,358,299,268,133,231
 Varenicline, --, --, --, --, --,44,43, --, --, --, --, --, --, --, --
 Venlafaxine,152,182,175,183,185,179,259,359,343,360,148,196,247,154,147
 Verapamil,65,68,68,72,54,36,44,44,36,27,28,31,51,40,48
 Warfarin,57,72,78,83,84,59,59,67,91,82,56,72,72,64,108
 Yohimbine, --, --, --, --, --, --, --, --, --, --, --, --, --, --, --
 Zolpidem,55,77,62,108,100,146,115,88,149,139,142,318,194,135,97
,,,,,,,,,,,,,,,
 -- Estimates suppressed due to inadequate precision (see FAQs for details).,,,,,,,,,,,,,,,
* Relative standard error is greater than 30%,,,,,,,,,,,,,,,
"Source: Center for Financing, Access and Cost Trends, Agency for Healthcare Research and Quality, Medical Expenditure Panel Survey, 2002-2016",,,,,,,,,,,,,,,
